{
  "__version__": "1.0.0",
  "options": {
    "android": {
      "packageName": "com.cocosgame.archero",
      "orientation": {
        "portrait": true,
        "upsideDown": false,
        "landscapeRight": false,
        "landscapeLeft": false
      },
      "apiLevel": "android-26",
      "appABIs": [
        "arm64-v8a",
        "armeabi-v7a"
      ],
      "useDebugKeystore": true,
      "keystorePath": "",
      "keystorePassword": "",
      "keystoreAlias": "",
      "keystoreAliasPassword": "",
      "appBundle": false,
      "androidInstant": false,
      "remoteUrl": "",
      "sdkPath": "/Users/yangweida/Library/Android/sdk",
      "ndkPath": "/Users/yangweida/Library/Android/sdk/ndk-bundle/",
      "renderBackEnd": {
        "vulkan": false,
        "gles3": true,
        "gles2": false
      }
    }
  }
}
